Escola,Código INEP,UF,Município,Localização,Endereço,Telefone,Categoria Escola Privada,Porte da Escola,Etapas e Modalidade de Ensino Oferecidas,Latitude,Longitude
COLEGIO ESPACO EDUCACIONAL UNIDADE 7,35004028,SP,Campinas,Urbana,"LATINO COELHO, 266 PARQUE TAQUARAL. 13087-010 Campinas - SP.",(19) 991016458,Particular,Entre 201 e 500 matrículas de escolarização,"Educação Infantil, Ensino Fundamental",-22.8657761,-47.0512605
ESCOLA CIRANDA,35004043,SP,Campinas,Urbana,"GERMANO CASELLATTO, 75 JARDIM SANTA GENEBRA II BARAO GERALDO. 13084-776 Campinas - SP.",(19) 32890005,Particular,Entre 51 e 200 matrículas de escolarização,"Educação Infantil, Ensino Fundamental",-22.829637,-47.0771049
ESCOLA MONTESSORI DE CAMPINAS,35004090,SP,Campinas,Urbana,"JOAO ERBOLATO, 195 JARDIM CHAPADAO. 13070-070 Campinas - SP.",(19) 32135896,Particular,Entre 51 e 200 matrículas de escolarização,Educação Infantil,-22.88965523,-47.07915878
ESCOLA DE EDUCACAO INFANTIL MULTI SABER,35004099,SP,Campinas,Urbana,"DAS HORTENCIAS, 926 CHACARA PRIMAVERA. 13087-440 Campinas - SP.",(19) 32564431,Particular,Entre 51 e 200 matrículas de escolarização,Educação Infantil,-22.85573661,-47.05273529
COLEGIO RAPHAEL DI SANTO,35004252,SP,Campinas,Urbana,"DAS GARDENIAS, 90 VILA MIMOSA. 13050-051 Campinas - SP.",(19) 32693569,Particular,Entre 501 e 1000 matrículas de escolarização,"Educação Infantil, Ensino Fundamental, Ensino Médio",-22.93443637,-47.09122557
COLEGIO POLIEDRO,35004269,SP,Campinas,Urbana,"DONA MARIA UMBELINA COUTO, 58 TAQUARAL. 13076-011 Campinas - SP.",(19) 41411616,Particular,Entre 501 e 1000 matrículas de escolarização,"Ensino Fundamental, Ensino Médio",-22.8874013,-47.058476
COLEGIO APRENDER E EDUCAR,35004277,SP,Campinas,Urbana,"JOSE BONIFACIO, 159 JARDIM FLAMBOYANT. 13091-140 Campinas - SP.",(19) 32010552,Particular,Entre 51 e 200 matrículas de escolarização,Ensino Fundamental,,
LUDIWI ESCOLA DE EDUCACAO INFANTIL,35004288,SP,Campinas,Urbana,"DOUTOR JOSE FERREIRA DE CAMARGO, 951 JARDIM PLANALTO. 13092-005 Campinas - SP.",(19) 32551749,Particular,Entre 51 e 200 matrículas de escolarização,Educação Infantil,-22.89863518,-47.04477542
ESCOLA INFANTIL CARACOL,35004296,SP,Campinas,Urbana,"MARIO SIQUEIRA, 218 BOTAFOGO. 13020-210 Campinas - SP.",(19) 32344641,Particular,Entre 51 e 200 matrículas de escolarização,Educação Infantil,-22.8978440877902,-47.0703331178564
ESCOLA INFANTIL INTERATIVA,35004597,SP,Campinas,Urbana,"SANTA GENEBRA, 254 JARDIM SANTA GENEBRA. 13080-280 Campinas - SP.",(19) 32090126,Particular,Até 50 matrículas de escolarização,Educação Infantil,-22.8519633333333,-47.0671766666667
ESCOLA DE EDUCACAO INFANTIL PRIMEIRO MUNDO,35004598,SP,Campinas,Urbana,"DURVAL FARIA SOBRINHO, 477487 JARDIM CARLOS LOURENCO. 13101-127 Campinas - SP.",(19) 32553665,Particular,Até 50 matrículas de escolarização,Educação Infantil,-22.9269767,-47.0235073
STRANGHETTI RIBEIRO ESCOLA INFANTIL,35004600,SP,Campinas,Urbana,"EMERSON JOSE MOREIRA, 210 PARQUE TAQUARAL. 13087-045 Campinas - SP.",(19) 31600692,Particular,Até 50 matrículas de escolarização,Educação Infantil,-22.86932721,-47.05240802
BERCARIO GIRASSOL LTDA,35004683,SP,Campinas,Urbana,"DAS HORTENCIAS, 261 CHACARA PRIMAVERA. 13087-440 Campinas - SP.",,Particular,Até 50 matrículas de escolarização,Educação Infantil,-22.86178126,-47.05283814
COLEGIO ADVENTISTA DE CAMPINAS UNIDADE CASTELO,35004688,SP,Campinas,Urbana,"ESPANHA, 260 VILA ROSSI BORGHI E SIQUEIRA. 13070-260 Campinas - SP.",(19) 34500170,Filantrópica,Entre 201 e 500 matrículas de escolarização,"Educação Infantil, Ensino Fundamental",-22.8962535,-47.075008
CENTRO EDUCACIONAL E RECREATIVO GUANABARA,35004731,SP,Campinas,Urbana,"ARTUR PAIOLI, 127 E145 JARDIM NOSSA SENHORA AUXILIADORA. 13075-640 Campinas - SP.",(19) 33070913,Particular,Até 50 matrículas de escolarização,Educação Infantil,-22.87472,-47.06743
PRIMAVERA BERCARIO E ESCOLA DE EDUCACAO INFANTIL,35004746,SP,Campinas,Urbana,"LATINO COELHO, 501 PARQUE TAQUARAL. 13087-010 Campinas - SP.",(19) 32567173,Particular,Entre 51 e 200 matrículas de escolarização,Educação Infantil,-22.8661,-47.05407
CENTRO EDUCACIONAL OBJETIVO UNIDADE SAO BERNARDO,35004946,SP,Campinas,Urbana,"RIO DE JANEIRO, 327 FUNDACAO DA CASA POPULAR. 13031-340 Campinas - SP.",(19) 32722530,Comunitária,Entre 501 e 1000 matrículas de escolarização,Ensino Fundamental,-22.9175448,-47.0787526
COLEGIO GRAAL KIDS,35004979,SP,Campinas,Urbana,"ROTARY, 10 VILA BRANDINA. 13092-509 Campinas - SP.",(19) 33082767,Comunitária,Entre 51 e 200 matrículas de escolarização,"Educação Infantil, Ensino Fundamental",,
TEMPO DE EDUCAR ESCOLA INFANTIL,35005140,SP,Campinas,Urbana,"BARTIRA, 64 VILA IPE. 13044-340 Campinas - SP.",(19) 32766143,Particular,Entre 51 e 200 matrículas de escolarização,Educação Infantil,-22.94531836,-47.04609832
COLEGIO INOVAR UNIDADE II,35005194,SP,Campinas,Urbana,"TOMAS GONCALVES GOMIDE, 95 PARQUE INDUSTRIAL. 13031-550 Campinas - SP.",,Particular,Entre 51 e 200 matrículas de escolarização,Ensino Fundamental,-22.9190356,-47.0856707
ESCOLA DE EDUCACAO INFANTIL E ENSINO FUNDAMENTAL I ANOS INICIAIS GARDEN BABY,35005285,SP,Campinas,Urbana,"DO ORATORIO, 285 JARDIM SAO DOMINGOS SAVIO. 13075-140 Campinas - SP.",(19) 25134223,Particular,Entre 51 e 200 matrículas de escolarização,"Educação Infantil, Ensino Fundamental",,
COLEGIO APRENDER E EDUCAR UNIDADE II,35005655,SP,Campinas,Rural,"JOSE BONIFACIO, 233 JARDIM FLAMBOYANT. 13091-140 Campinas - SP.",(19) 33082493,Particular,Até 50 matrículas de escolarização,Educação Infantil,,
COLEGIO OFICINA DO ESTUDANTE UNIDADE TAQUARAL,35005741,SP,Campinas,Urbana,"JASMIM, 700 CHACARA PRIMAVERA. 13087-460 Campinas - SP.",(19) 37222324,Particular,Entre 201 e 500 matrículas de escolarização,Ensino Fundamental,-22.85460911,-47.05149377
QUINTAL DAS BORBOLETAS EDUCACAO INFANTIL,35006045,SP,Campinas,Urbana,"DOS EXPEDICIONARIOS, 822 SOUSAS. 13106-028 Campinas - SP.",(19) 40428834,Particular,Entre 51 e 200 matrículas de escolarização,Educação Infantil,-22.88283854,-46.97361668
BERCARIO E ESCOLA INFANTIL BARAO DE TEFFE,35006230,SP,Campinas,Urbana,"JOAO PEDROSO, 310 ARRUAMENTO FAIN JOSE FERES. 13084-583 Campinas - SP.",(19) 32894766,Particular,Entre 51 e 200 matrículas de escolarização,Educação Infantil,-22.81989,-47.08517
ESCOLA DE EDUCACAO INFANTIL LUMIANA,35006591,SP,Campinas,Urbana,"BADEN POWELL, 1631 1643 1653. JARDIM NOVA EUROPA. 13040-093 Campinas - SP.",(19) 32770271,Particular,Até 50 matrículas de escolarização,Educação Infantil,-22.9439866666667,-47.0547783333333
ESCOLA DE EDUCACAO INFANTIL JOAO E DUDA,35006601,SP,Campinas,Urbana,"PAULO AMGI, 115 PARQUE FAZENDINHA. 13064-712 Campinas - SP.",(19) 32825215,Particular,Até 50 matrículas de escolarização,Educação Infantil,-22.89447388,-47.15257237
ESCOLA DE EDUCACAO INFANTIL PREDUC,35006678,SP,Campinas,Urbana,"EDUARDO LANE, 442 JARDIM BRASIL. 13073-002 Campinas - SP.",(19) 32410143,Particular,Até 50 matrículas de escolarização,Educação Infantil,-22.8857111698017,-47.0672941580415
COLEGIO OFICINA DO ESTUDANTE UNIDADE BARAO GERALDO,35006706,SP,Campinas,Urbana,"ALBINO JOSE BARBOSA DE OLIVEIRA, 1556 BARAO GERALDO. 13084-008 Campinas - SP.",(19) 38811900,Comunitária,Entre 201 e 500 matrículas de escolarização,"Ensino Fundamental, Ensino Médio",,
ESCOLA DE EDUCACAO INFANTIL TURMINHA DA ALEGRIA,35007009,SP,Campinas,Urbana,"JOAQUIM TARSO GALLACE ZAMBOM, 134 PARQUE SANTA BARBARA. 13064-400 Campinas - SP.",(19) 32824143,Particular,Até 50 matrículas de escolarização,Educação Infantil,-22.8909016666667,-47.145325
M D S EDUCACAO INFANTIL LTDA AQUARELA DO SABER,35007082,SP,Campinas,Urbana,"LIBERO BADARO, 100 JARDIM ALVORADA. 13050-740 Campinas - SP.",(19) 33087775,Particular,Até 50 matrículas de escolarização,Educação Infantil,-22.94845,-47.10833
ESCOLA MAPLE BEAR CANADIAN SCHOOL CAMPINAS UNIDADE 2,35007259,SP,Campinas,Urbana,"RUA PADRE DOMINGOS GIOVANINI, PARQUE TAQUARAL. 13087-310 Campinas - SP.",(19) 33086001,Particular,Entre 51 e 200 matrículas de escolarização,"Educação Infantil, Ensino Fundamental",,
INSTITUTO SER SENSO EDUCACAO REINTEGRADA,35007321,SP,Campinas,Urbana,"RUA ARNALDO BARRETO, 667 SAO BERNARDO. 13030-420 Campinas - SP.",,Comunitária,Até 50 matrículas de escolarização,Ensino Fundamental,-22.92563268,-47.07458202
COLEGIO TATIL,35007378,SP,Campinas,Urbana,"RUA DUQUE DE CAXIAS, 1086 CENTRO. 13015-311 Campinas - SP.",(19) 32335311,Particular,Entre 51 e 200 matrículas de escolarização,"Educação Infantil, Ensino Fundamental",-22.90705584,-47.05126901
COLEGIO RDSSWISS,35007422,SP,Campinas,Urbana,"AVENIDA DERMIVAL BERNARDES SIQUEIRA, 2028 SWISS PARK. 13049-252 Campinas - SP.",(19) 31134200,Particular,Entre 51 e 200 matrículas de escolarização,"Educação Infantil, Ensino Fundamental, Ensino Médio",,
COLEGIO POMARES EDUCACAO INFANTIL E ENSINO FUNDAMENTAL I,35007662,SP,Campinas,Urbana,"RUA ANA DE NAZARE CAVALEIRA, 386 PARQUE DOS POMARES. 13098-002 Campinas - SP.",(19) 997286657,Particular,Até 50 matrículas de escolarização,"Educação Infantil, Ensino Fundamental",,
CENTRO EDUCACIONAL ELIENAI LTDA ME,35007691,SP,Campinas,Urbana,"RUA RANCHARIA, 68 JARDIM DO TREVO. 13040-021 Campinas - SP.",(19) 32387538,Particular,Entre 51 e 200 matrículas de escolarização,Educação Infantil,-22.9337218729993,-47.0662805345348
SABIS INTERNACIONAL SCHOOL,35007988,SP,Campinas,Urbana,"ESTRADA GIUSEPPINA VIANELLI DI NAPOLLI, 555 POLO II DE ALTA TECNOLOGIA CAMPINAS. 13086-530 Campinas - SP.",,Particular,Entre 201 e 500 matrículas de escolarização,"Educação Infantil, Ensino Fundamental",,
COLEGIO OFICINA DO ESTUDANTE UNIDADE PAINEIRAS,35008152,SP,Campinas,Urbana,"AVENIDA JOSE ARAUJO CUNHA, 71 VILA BRANDINA. 13092-553 Campinas - SP.",(19) 37706688,Particular,Entre 501 e 1000 matrículas de escolarização,"Ensino Fundamental, Ensino Médio",-22.9010683333333,-47.0296666666667
ESCOLA CEZARETTI EDUCACIONAL LTDAME RECANTO ACALANTO,35008210,SP,Campinas,Urbana,"RUA ANDIRA, 102 PARQUE UNIVERSITARIO DE VIRACOPOS. 13056-475 Campinas - SP.",(19) 30281960,Particular,Até 50 matrículas de escolarização,Educação Infantil,,
ESCOLA DE EDUCACAO INFANTIL INTERACAO LTDA,35008534,SP,Campinas,Urbana,"RUA DOS CRAVOS, 113 CHACARA PRIMAVERA. 13087-470 Campinas - SP.",(19) 32030608,Particular,Até 50 matrículas de escolarização,Educação Infantil,,
P B MARQUES EDUCACAO ESCOLA INFANTIL PEDRO E ROGERIO,35008580,SP,Campinas,Urbana,"RUA SERGIO GUIMARAES FABIANO, 728 CIDADE SATELITE IRIS. 13059-640 Campinas - SP.",(19) 37622535,Particular,Entre 51 e 200 matrículas de escolarização,Educação Infantil,,
COLEGIO ADVENTISTA DE CAMPINAS UNIDADE BARAO GERALDO,35008635,SP,Campinas,Urbana,"RUA DOUTOR SERGIO ALMEIDA PRADO, 210 CIDADE UNIVERSITARIA. 13083-750 Campinas - SP.",(19) 29325650,Confessional,Entre 51 e 200 matrículas de escolarização,"Educação Infantil, Ensino Fundamental",,
NOVA ARCA DE NOE ESCOLA DE EDUCACAO INFANTIL LTDA,35008718,SP,Campinas,Urbana,"RUA PROFESSORA RUTH FONSECA DE OLIVEIRA, 141 JARDIM NOVO MARACANA. 13058-402 Campinas - SP.",,Particular,Até 50 matrículas de escolarização,Educação Infantil,,
BATTISTELLA PEREIRA E PEREIRA ESCOLA INFANTIL LTDA,35008860,SP,Campinas,Urbana,"RUA MARIA DA ENCARNACAO DUARTE, 159 CHACARA DA BARRA. 13090-766 Campinas - SP.",(19) 32556273,Particular,Até 50 matrículas de escolarização,Educação Infantil,,
ESCOLA DE EDUCACAO INFANTIL SANTA GENEBRA LTDA,35008891,SP,Campinas,Urbana,"RUA MAESTRO FRANCISCO MANOEL DA SILVA, 133 JARDIM SANTA GENEBRA. 13080-190 Campinas - SP.",,Particular,Até 50 matrículas de escolarização,Educação Infantil,-22.8456179285422,-47.0710054133087
ESCOLA RENOVA EDUCACAO POR PRINCIPIOS,35008966,SP,Campinas,Urbana,"RUA JAIME SEQUIER, 249 PARQUE TAQUARAL. 13087-140 Campinas - SP.",(19) 32910500,Confessional,Entre 51 e 200 matrículas de escolarização,"Educação Infantil, Ensino Fundamental",,
MAPLE BEAR CANADIAN SCHOOL CAMPINAS HIPICA,35008991,SP,Campinas,Urbana,"RUA EGBERTO FERREIRA DE ARRUDA CAMARGO, 480 PARQUE DA HIPICA. 13092-621 Campinas - SP.",(19) 32588392,Particular,Entre 51 e 200 matrículas de escolarização,"Educação Infantil, Ensino Fundamental",,
MINISTERIO PENTECOSTAL LUZ DO MUNDO,35009020,SP,Campinas,Urbana,"AVENIDA CARLOS STELLA NETO, 600 JARDIM MONTE CRISTOPARQUE OZIEL. 13049-001 Campinas - SP.",(19) 988488980,Filantrópica,Entre 51 e 200 matrículas de escolarização,Educação Infantil,-22.93838865,-47.08163358
AZENHA BERCARIO E RECREACAO DIRIGIDA LTDA,35009059,SP,Campinas,Rural,"RUA SAO CARLOS, 182 CASA 188. VILA INDUSTRIAL. 13035-420 Campinas - SP.",(19) 32723710,Particular,Até 50 matrículas de escolarização,Educação Infantil,-22.91235205,-47.06433082
IRIS JARDIM DE INFANCIA WALDORF LTDA,35009090,SP,Campinas,Urbana,"RUA FRANCISCO DE BARROS FILHO, 235 BARAO GERALDO. 13084-215 Campinas - SP.",(19) 33818189,Particular,Até 50 matrículas de escolarização,Educação Infantil,,
JARDIM DA INFANCIA BERCARIO E EDUCACAO INFANTIL DEBORA,35009281,SP,Campinas,Urbana,"RUA FRANCISCO GASPAR DA SILVA, 381 JARDIM EULINA. 13063-490 Campinas - SP.",(19) 982251627,Particular,Até 50 matrículas de escolarização,Educação Infantil,,
ESCOLA DE EDUCACAO INFANTIL PEQUENO MUNDO LTDA,35009308,SP,Campinas,Urbana,"RUA OURINHOS, 83 CHACARA DA BARRA. 13090-727 Campinas - SP.",(19) 997097661,Particular,Até 50 matrículas de escolarização,Educação Infantil,,
INSTITUTO DE EDUCACAO INFANTIL PARAISO LTDA,35009329,SP,Campinas,Urbana,"RUA DUQUE DE CAXIAS, 991 CENTRO. 13015-311 Campinas - SP.",(19) 32335311,Particular,Entre 51 e 200 matrículas de escolarização,Educação Infantil,,
COLEGIO ILLUMINARE EPP,35009392,SP,Campinas,Urbana,"RUA ATILIO FOCESI, 116 JARDIM SAO FRANCISCO SOUSAS. 13105-168 Campinas - SP.",(19) 32582772,Particular,Entre 51 e 200 matrículas de escolarização,Ensino Fundamental,,
ESCOLA INFANTIL PEIXINHO DOURADO,35009445,SP,Campinas,Urbana,"RUA AZARIAS DE MELO, 706 TAQUARAL. 13076-008 Campinas - SP.",(19) 32528620,Particular,Até 50 matrículas de escolarização,Educação Infantil,,
ESCOLA LUMIAR CAMPINAS,35009571,SP,Campinas,Urbana,"RUA EMBIRUCU, 244 LOTEAMENTO ALPHAVILLE CAMPINAS. 13098-320 Campinas - SP.",(19) 993070210,Particular,Entre 51 e 200 matrículas de escolarização,"Educação Infantil, Ensino Fundamental",,
COLEGIO POLIEDRO UNIDADE CENTRO,35009757,SP,Campinas,Urbana,"RUA DELFINO CINTRA, 100 BOTAFOGO. 13020-100 Campinas - SP.",(19) 41411616,Particular,Até 50 matrículas de escolarização,Ensino Médio,,
INCLUSIONE EDUCACIONAL,35009846,SP,Campinas,Urbana,"AVENIDA JOAO ERBOLATO, 291 JARDIM CHAPADAO. 13070-070 Campinas - SP.",(19) 32131610,Particular,Até 50 matrículas de escolarização,"Ensino Fundamental, Ensino Médio",,
POLICIA MILITAR DE CAMPINAS COLEGIO DA,35104826,SP,Campinas,Urbana,"SAO LUIS DO PARAITINGA, 1302 RUA. JARDIM DO TREVO. 13030-105 Campinas - SP.",(19) 37729900,Particular,Entre 201 e 500 matrículas de escolarização,"Ensino Fundamental, Ensino Médio",-22.9274582,-47.0713643
CASA DA CRIANCA MEIMEI,35112501,SP,Campinas,Urbana,"FRANCISCO JOSE DE CAMARGO ANDRADE, 959 AVENIDA. JARDIM CHAPADAO. 13070-051 Campinas - SP.",(19) 32411622,Filantrópica,Entre 201 e 500 matrículas de escolarização,Educação Infantil,-22.88177,-47.07304
PROGRESSO CAMPINEIRO COLEGIO,35112513,SP,Campinas,Urbana,"JULIO DE MESQUITA, 840 AVENIDA. CAMBUI. 13025-061 Campinas - SP.",(19) 32113803,Particular,Mais de 1000 matrículas de escolarização,"Educação Infantil, Ensino Fundamental, Ensino Médio",-22.89837,-47.05591
PIO XII COLEGIO DE APLICACAO,35112537,SP,Campinas,Urbana,"BOAVENTURA DO AMARAL, 354 RUA. CENTRO. 13015-191 Campinas - SP.",(19) 33413183,Filantrópica,Entre 201 e 500 matrículas de escolarização,"Educação Infantil, Ensino Fundamental, Ensino Médio",-22.9099938,-47.0520598
NOTRE DAME DE CAMPINAS COLEGIO,35112562,SP,Campinas,Urbana,"EGBERTO FERREIRA DE ARRUDA CAMARGO, 151 RUA. PARQUE DA HIPICA. 13092-621 Campinas - SP.",(19) 21388300,Filantrópica,Mais de 1000 matrículas de escolarização,"Educação Infantil, Ensino Fundamental, Ensino Médio, Educação Profissional",-22.8943708,-47.0044715
SAGRADO CORACAO DE JESUS COLEGIO,35112574,SP,Campinas,Urbana,"MANOEL AFONSO FERREIRA DOUTOR, 245 AVENIDA. JARDIM PARAISO. 13100-029 Campinas - SP.",(19) 37532400,Particular,Entre 501 e 1000 matrículas de escolarização,"Educação Infantil, Ensino Fundamental, Ensino Médio",-22.9075375,-47.0372861
NOSSA SRA AUXILIADORA COLEGIO SALESIANO,35112586,SP,Campinas,Urbana,"GERALDO DE RESENDE BARONESA, 330 RUA. JARDIM NOSSA SENHORA AUXILIADORA. 13075-270 Campinas - SP.",(19) 37446800,Filantrópica,Mais de 1000 matrículas de escolarização,"Educação Infantil, Ensino Fundamental, Ensino Médio",-22.882813,-47.058137
ADVENTISTA DE CAMPINAS COLEGIO,35112641,SP,Campinas,Urbana,"OSCAR LEITE, 55 RUA. PONTE PRETA. 13041-620 Campinas - SP.",(19) 35193800,Filantrópica,Mais de 1000 matrículas de escolarização,"Educação Infantil, Ensino Fundamental, Ensino Médio",-22.91455056,-47.05404955
COMUNITARIA DE CAMPINAS ESCOLA,35112689,SP,Campinas,Urbana,"EGBERTO FERREIRA DE ARRUDA CAMARGO, 650 JARDIM NOTRE DAME. 13092-621 Campinas - SP.",(19) 37588500,Particular,Mais de 1000 matrículas de escolarização,"Educação Infantil, Ensino Fundamental, Ensino Médio",-22.8914509,-47.0089471
SAO JOSE ESCOLA SALESIANA,35112707,SP,Campinas,Urbana,"PADRE ALMEIDA GARRET, 267 JARDIM NOSSA SENHORA AUXILIADORA. 13075-490 Campinas - SP.",(19) 37443000,Filantrópica,Mais de 1000 matrículas de escolarização,"Educação Infantil, Ensino Fundamental, Ensino Médio, Educação Profissional",-22.8736523,-47.0654942
FARROUPILHA COLEGIO,35112732,SP,Campinas,Urbana,"FERNAO LOPES, 1420 1346. PARQUE TAQUARAL. 13087-051 Campinas - SP.",(19) 32417811,Particular,Entre 201 e 500 matrículas de escolarização,Ensino Fundamental,-22.8694542,-47.0615357
MADRE CECILIA COLEGIO,35112756,SP,Campinas,Urbana,"AVENIDA CORONEL SILVA TELES, 700 AVENIDA. CAMBUI. 13024-001 Campinas - SP.",(19) 37514063,Filantrópica,Entre 201 e 500 matrículas de escolarização,"Educação Infantil, Ensino Fundamental, Ensino Médio",-22.893988,-47.0508396
FRANCISCANO AVE MARIA COLEGIO,35112768,SP,Campinas,Urbana,"JAGUARA BARAO, 190 RUA. BOSQUE. 13026-099 Campinas - SP.",(19) 21369933,Filantrópica,Entre 501 e 1000 matrículas de escolarização,"Educação Infantil, Ensino Fundamental, Ensino Médio",-22.9121493,-47.0548271
IMACULADA INSTITUTO EDUCACIONAL,35112773,SP,Campinas,Urbana,"ITAPURA BARAO, 1735 AVENIDA. BOTAFOGO. 13020-433 Campinas - SP.",(19) 32317911,Filantrópica,Mais de 1000 matrículas de escolarização,"Educação Infantil, Ensino Fundamental, Ensino Médio",-22.889964,-47.0623148
SESI 403 CENTRO EDUCACIONAL,35112859,SP,Campinas,Urbana,"AMOREIRAS, 450 AVENIDA. PARQUE ITALIA. 13036-225 Campinas - SP.",(19) 37724100,Particular,Entre 501 e 1000 matrículas de escolarização,Ensino Médio,-22.915662266314,-47.0688015595078
JULIO CHEVALIER INSTITUTO,35112872,SP,Campinas,Urbana,"SALES DE OLIVEIRA DOUTOR, 2000 RUA. VILA INDUSTRIAL. 13035-500 Campinas - SP.",(19) 37722840,Particular,Entre 201 e 500 matrículas de escolarização,"Educação Infantil, Ensino Fundamental",-22.90787,-47.07853
ESCOLA DE EDUCACAO BASICA E PROFISSIONAL FUNDACAO BRADESCO,35112884,SP,Campinas,Urbana,"AVENIDA WELLMAN GALVAO DE FRANCA RANGEL, 2000 SWISS PARK. 13049-254 Campinas - SP.",(19) 32680144,Filantrópica,Mais de 1000 matrículas de escolarização,"Educação Infantil, Ensino Fundamental, Ensino Médio, Educação Profissional",-22.96533443,-47.07881231
DOM BARRETO COLEGIO,35112896,SP,Campinas,Urbana,"SAUDADE, 705 AVENIDA. PONTE PRETA. 13041-670 Campinas - SP.",(19) 32324366,Filantrópica,Entre 501 e 1000 matrículas de escolarização,"Educação Infantil, Ensino Fundamental, Ensino Médio",-22.91906962,-47.05331879
RIO BRANCO COLEGIO,35112902,SP,Campinas,Urbana,"CECILIA FERES ZOGBI, SN RUA. BARAO GERALDO. 13084-140 Campinas - SP.",(19) 33031250,Particular,Mais de 1000 matrículas de escolarização,"Educação Infantil, Ensino Fundamental, Ensino Médio",-22.8270509,-47.0750572
RENOVATUS COLEGIO E E I BRANCA DE NEVE,35112926,SP,Campinas,Urbana,"VINTE E QUATRO DE MAIO, 731 RUA. VILA INDUSTRIAL. 13035-370 Campinas - SP.",(19) 32728699,Particular,Entre 501 e 1000 matrículas de escolarização,"Educação Infantil, Ensino Fundamental, Ensino Médio",-22.9104269,-47.074129
OBJETIVO COLEGIO DE CAMPINAS UNIDADE BARAO GERALDO,35118084,SP,Campinas,Urbana,"JOAO PEDROSO, 265 RUA. ARRUAMENTO FAIN JOSE FERES. 13084-583 Campinas - SP.",,Particular,Entre 501 e 1000 matrículas de escolarização,"Educação Infantil, Ensino Fundamental, Ensino Médio",-22.8201715,-47.08527
VISCONDE DE SABUGOSA EEI,35118965,SP,Campinas,Urbana,"JOSE BONIFACIO, 837 AVENIDA. JARDIM FLAMBOYANT. 13091-140 Campinas - SP.",(19) 32554522,Particular,Entre 51 e 200 matrículas de escolarização,Educação Infantil,-22.88595,-47.03079
SITIO ESCOLA DO,35121009,SP,Campinas,Urbana,"UIRAPURU, 820 RUA. JARDIM SAO GONCALO. 13082-706 Campinas - SP.",(19) 32891440,Particular,Entre 201 e 500 matrículas de escolarização,"Educação Infantil, Ensino Fundamental",-22.833704,-47.0924995
CASA DA GENTE ESCOLA EDUC INFANTIL,35123031,SP,Campinas,Urbana,"DOUTOR JESUINO MARCONDES MACHADO, 1001 NOVA CAMPINAS. 13092-108 Campinas - SP.",(19) 32534241,Particular,Entre 51 e 200 matrículas de escolarização,Educação Infantil,-22.8979548963335,-47.0434896489743
BRASINHA CENTRO DE EDUCACAO INFANTIL,35123043,SP,Campinas,Urbana,"LUIZ DALINCOURT, 288 RUA. BOSQUE. 13026-040 Campinas - SP.",(19) 32529200,Particular,Entre 51 e 200 matrículas de escolarização,Educação Infantil,-22.9084567213644,-47.046557497277
ATIVA ESCOLA EDUCACAO INFANTIL E PG,35123079,SP,Campinas,Urbana,"ORQUIDEAS, 15 RUA. CHACARA PRIMAVERA. 13087-430 Campinas - SP.",(19) 32567635,Particular,Entre 51 e 200 matrículas de escolarização,"Educação Infantil, Ensino Fundamental",-22.8625829,-47.0483732
JAIME KRATZ INSTITUTO EDUCACIONAL,35123080,SP,Campinas,Urbana,"DOMINGOS GIOVANINI PADRE, 187 RUA. PARQUE TAQUARAL. 13087-310 Campinas - SP.",(19) 32121838,Particular,Mais de 1000 matrículas de escolarização,"Educação Infantil, Ensino Fundamental, Ensino Médio",-22.8675515,-47.0607247
CASA DO SABER COLEGIO,35123754,SP,Campinas,Urbana,"RUA DOM HUMBERTO MAZZONE, 10 RUA. VILA PADRE ANCHIETA. 13068-323 Campinas - SP.",(19) 32812132,Particular,Entre 51 e 200 matrículas de escolarização,"Educação Infantil, Ensino Fundamental, Ensino Médio",-22.86374918,-47.15056933
SESI 421 CENTRO EDUCACIONAL,35124473,SP,Campinas,Urbana,"ARY RODRIGUES, 200 AVENIDA. PARQUE CAMELIAS. 13052-550 Campinas - SP.",(19) 37659210,Particular,Entre 501 e 1000 matrículas de escolarização,Ensino Fundamental,-22.9739366666667,-47.10074
BENTO QUIRINO COLEGIO POLITECNICO UNIDADE II,35125568,SP,Campinas,Urbana,"JOSE DE ALENCAR, 430 RUA. CENTRO. 13013-040 Campinas - SP.",(19) 37373294,Particular,Mais de 1000 matrículas de escolarização,"Ensino Fundamental, Ensino Médio, Educação Profissional",-22.9099562,-47.0596102
FUTURA ESCOLA DE EDUCACAO BASICA,35126846,SP,Campinas,Urbana,"GUARANI, 405 AVENIDA. JARDIM GUARANI. 13100-211 Campinas - SP.",(19) 32530346,Particular,Entre 51 e 200 matrículas de escolarização,"Ensino Fundamental, Ensino Médio",-22.9150073,-47.0421194
VERTICAL COLEGIO,35128797,SP,Campinas,Urbana,"ANTONIO CARLOS COUTO DE BARROS, 426 AVENIDA. JARDIM CONCEICAO SOUSAS. 13105-000 Campinas - SP.",(19) 32583685,Comunitária,Até 50 matrículas de escolarização,"Educação Infantil, Ensino Fundamental",-22.8806772,-46.9703042
CPQ MARTINS CENTRO ASSISTENCIAL,35130312,SP,Campinas,Urbana,"HELENA STEIMBERG, 1411 RUA. JARDIM SAO CARLOS. 13092-481 Campinas - SP.",(19) 33671961,Filantrópica,Entre 51 e 200 matrículas de escolarização,Educação Infantil,-22.90075,-47.03682
OBJETIVO DE CAMPINAS COLEGIO UNIDADE CAMBUI,35131982,SP,Campinas,Urbana,"FRANCISCO DE PAULA CAPITAO, 333 RUA. CAMBUI. 13024-450 Campinas - SP.",(19) 32546333,Particular,Entre 201 e 500 matrículas de escolarização,"Ensino Fundamental, Ensino Médio",-22.8901038,-47.047902
EDUCAP COLEGIO,35131994,SP,Campinas,Urbana,"LEOPOLDINA IMPERATRIZ, 357 AVENIDA. VILA NOVA. 13073-035 Campinas - SP.",(19) 37445246,Particular,Entre 201 e 500 matrículas de escolarização,"Educação Infantil, Ensino Fundamental, Ensino Médio",-22.88155,-47.06943
DOCTUS COLEGIO UNIDADE I,35132248,SP,Campinas,Urbana,"PINTO FERRAZ DOUTOR, 668 RUA. SAO BERNARDO. 13030-500 Campinas - SP.",(19) 32720396,Particular,Entre 201 e 500 matrículas de escolarização,"Educação Infantil, Ensino Fundamental",-22.9262684,-47.074062
CURUMIM ESCOLA EDUC INF E ENS FUNDAMENTAL,35132263,SP,Campinas,Urbana,"SANTA MARIA ROSSELO, 141 RUA. MANSOES SANTO ANTONIO. 13087-503 Campinas - SP.",(19) 32562648,Particular,Entre 201 e 500 matrículas de escolarização,"Educação Infantil, Ensino Fundamental",-22.84901,-47.05546
REALIDADE ESCOLA DE EDUCACAO BASICA SISTEMA EDUCACIONAL,35134173,SP,Campinas,Urbana,"JOSE ADEMAR ETTER, 709 AVENIDA. VILA MARIETA. 13042-110 Campinas - SP.",(19) 32760777,Particular,Entre 501 e 1000 matrículas de escolarização,"Educação Infantil, Ensino Fundamental",-22.9340266,-47.05060679
PETELECO RECANTO INFANTIL,35135999,SP,Campinas,Urbana,"EDUARDO LANE, 227 RUA. JARDIM BRASIL. 13073-002 Campinas - SP.",(19) 32418108,Particular,Entre 51 e 200 matrículas de escolarização,Educação Infantil,-22.88763977,-47.06682613
AMERICANA DE CAMPINAS ESCOLA EFM,35136013,SP,Campinas,Urbana,"CAJAMAR, 35 RUA. JARDIM ALTO DA BARRA. 13090-860 Campinas - SP.",(19) 21021009,Particular,Entre 501 e 1000 matrículas de escolarização,"Educação Infantil, Ensino Fundamental, Ensino Médio",-22.8829513,-47.0378623
AXIS MUNDI COLEGIO,35137613,SP,Campinas,Urbana,"MOGI GUACU, 1237 RUA. CHACARA DA BARRA. 13090-605 Campinas - SP.",(19) 32515774,Particular,Entre 201 e 500 matrículas de escolarização,"Educação Infantil, Ensino Fundamental",-22.8837563,-47.03644
ASTHER COLEGIO,35138769,SP,Campinas,Urbana,"D OESTE PRINCESA, 556 AVENIDA. JARDIM PARAISO. 13100-040 Campinas - SP.",(19) 37536300,Particular,Entre 501 e 1000 matrículas de escolarização,"Educação Infantil, Ensino Fundamental, Ensino Médio",-22.9185593,-47.0440093
DOCTUS COLEGIO UNIDADE II,35143273,SP,Campinas,Urbana,"ALVES DO BANHO DOUTOR, 565 RUA. SAO BERNARDO. 13030-580 Campinas - SP.",(19) 32724795,Particular,Entre 201 e 500 matrículas de escolarização,"Ensino Fundamental, Ensino Médio",-22.9263025,-47.0743598
PESTALOZZI DE CAMPINAS ESCOLA EDUC ESP,35145348,SP,Campinas,Urbana,"ALAIDE NASCIMENTO DE LEMOS, 570 RUA. VILA LEMOS. 13100-453 Campinas - SP.",(19) 32521023,Filantrópica,Entre 51 e 200 matrículas de escolarização,Ensino Fundamental,-22.9133033,-47.0408367
ESCOLA DE EDUCACAO ESPECIAL PROFESSOR SAULO MONTE SERRAT,35145359,SP,Campinas,Urbana,"FRANCISCO BUENO LACERDA, 120 RUA. JARDIM DOM VIEIRA. 13036-265 Campinas - SP.",(19) 37721200,Filantrópica,Entre 51 e 200 matrículas de escolarização,Ensino Fundamental,-22.9200285,-47.0674698
INSTITUTO EDUCACIONAL PROFESSORA MARIA DO CARMO ARRUDA TOLEDO,35145361,SP,Campinas,Urbana,"ALAIDE NASCIMENTO DE LEMOS, 532 RUA. VILA LEMOS. 13100-453 Campinas - SP.",(19) 32523611,Filantrópica,Entre 501 e 1000 matrículas de escolarização,Educação Infantil,-22.9138986364292,-47.0406233889556
VIVENDO E APRENDENDO UNIDADE I COLEGIO,35150046,SP,Campinas,Urbana,"JOSE JULIA TOJA MARTINEZ FILHO MAJOR, 189 RUA. VILA CASTELO BRANCO. 13061-234 Campinas - SP.",(19) 32694793,Particular,Entre 201 e 500 matrículas de escolarização,Ensino Fundamental,-22.9139428,-47.1113544
BATISTA AGAPE COLEGIO,35150095,SP,Campinas,Urbana,"SANDOVAL MEIRELLES, 157 RUA. VILA JOAO JORGE. 13041-315 Campinas - SP.",(19) 21274200,Particular,Entre 501 e 1000 matrículas de escolarização,"Educação Infantil, Ensino Fundamental, Ensino Médio",-22.91940785,-47.05756615
PHOTON COLEGIO,35153746,SP,Campinas,Urbana,"JOAO DUQUE, 7 RUA. PARQUE IMPERADOR. 13097-116 Campinas - SP.",(19) 32072921,Particular,Entre 501 e 1000 matrículas de escolarização,"Educação Infantil, Ensino Fundamental",-22.8435656,-47.0261841
PIMPOLHO JARDIM ESCOLA,35159931,SP,Campinas,Urbana,"BARRETO LEME, 2456 RUA. CAMBUI. 13025-085 Campinas - SP.",(19) 32512409,Particular,Até 50 matrículas de escolarização,Educação Infantil,-22.897385,-47.04837
EDUARDO LANE COLEGIO PRESBITERIANO ASSOCIACAO BETHEL,35159943,SP,Campinas,Urbana,"LUZITANA, 824 RUA. CENTRO. 13015-121 Campinas - SP.",(19) 32319236,Particular,Entre 201 e 500 matrículas de escolarização,"Educação Infantil, Ensino Fundamental, Ensino Médio",-22.906236,-47.0563771
TRACO MAGICO INSTITUTO DE EDUCACAO,35159955,SP,Campinas,Urbana,"ERNESTO BUZZO, 82 RUA. VILA JOAQUIM INACIO. 13045-670 Campinas - SP.",(19) 32764786,Particular,Entre 51 e 200 matrículas de escolarização,"Educação Infantil, Ensino Fundamental",-22.929473,-47.036168
CONTEMPORANEA ESCOLA,35159967,SP,Campinas,Urbana,"D EU CONDE, 92 RUA. JARDIM PARAISO. 13100-009 Campinas - SP.",(19) 32543344,Particular,Entre 51 e 200 matrículas de escolarização,Educação Infantil,-22.91116789,-47.04398995
ESCOLA INFANTIL FELIZ INFANCIA,35161385,SP,Campinas,Urbana,"VASCO JOAQUIM SMITH VASCONCELOS, 97 RUA. JARDIM DO LAGO. 13050-014 Campinas - SP.",(19) 33270536,Particular,Até 50 matrículas de escolarização,Educação Infantil,-22.9329304,-47.0834328
RECANTO AZUL COLEGIO,35162024,SP,Campinas,Urbana,"ETELVINA DE SALES ALVES, 6676 86106. JARDIM GARCIA. 13061-097 Campinas - SP.",,Particular,Entre 201 e 500 matrículas de escolarização,"Educação Infantil, Ensino Fundamental",-22.912173,-47.1025218
BASICO DE CAMPINAS COLEGIO,35165037,SP,Campinas,Urbana,"BARTOLOMEU LOURENCO DE GUSMAO PADRE, 69 RUA. JARDIM CHAPADAO. 13070-044 Campinas - SP.",(19) 32130000,Particular,Entre 201 e 500 matrículas de escolarização,"Educação Infantil, Ensino Fundamental",-22.8953567,-47.0923821
DOMINIUS COLEGIO,35165050,SP,Campinas,Urbana,"RUA MARTINS TORRES, 31 RUA. SANTA GENEBRA. 13080-510 Campinas - SP.",(19) 32080969,Particular,Entre 51 e 200 matrículas de escolarização,"Educação Infantil, Ensino Fundamental, Ensino Médio",-22.8561653,-47.065614
JOAO E MARCELLA SEMI EXTERNATO,35166637,SP,Campinas,Urbana,"ERNESTO NAPOLI JORNALISTA, 847 RUA. JARDIM PAULICEIA. 13060-072 Campinas - SP.",(19) 32281969,Particular,Entre 201 e 500 matrículas de escolarização,"Educação Infantil, Ensino Fundamental",-22.9193989,-47.1034153
MUNDO MAGICO ESCOLA DE EDUCACAO INFANTIL,35167150,SP,Campinas,Urbana,"ANGELO SIMOES DOUTOR, 536 540. PONTE PRETA. 13041-455 Campinas - SP.",(19) 32324284,Particular,Entre 51 e 200 matrículas de escolarização,Educação Infantil,-22.92058155,-47.05419716
PICOLE RECANTO INFANTIL,35167915,SP,Campinas,Urbana,"FERDINANDO PANATTONI, 375 RUA. JARDIM PAULICEIA. 13060-090 Campinas - SP.",(19) 32278100,Particular,Entre 51 e 200 matrículas de escolarização,Educação Infantil,-22.9177918983623,-47.1044960618019
COLEGIO INTEGRACAO CAMPINAS LTDA,35169493,SP,Campinas,Urbana,"ROMEU TORTIMA DOUTOR, 740 AVENIDA. JARDIM SANTA GENEBRA II BARAO GERALDO. 13084-791 Campinas - SP.",(19) 32895500,Particular,Entre 51 e 200 matrículas de escolarização,Educação Infantil,-22.8292868,-47.0745458
14 BIS ESCOLA,35169511,SP,Campinas,Urbana,"FRANCISCO OTAVIANO, 329 RUA. JARDIM CHAPADAO. 13070-056 Campinas - SP.",(19) 32434525,Particular,Entre 201 e 500 matrículas de escolarização,"Educação Infantil, Ensino Fundamental",-22.8852529,-47.0762279
AZENHA BERCARIO E ESCOLA DE EDUCACAO INFANTIL LTDA,35169523,SP,Campinas,Urbana,"DOUTOR QUIRINO, 17521764 CENTRO. 13015-082 Campinas - SP.",,Particular,Até 50 matrículas de escolarização,Educação Infantil,-22.89948442,-47.059889
BRINCANDO COM A GENTE ESCOLA DE EDUCACAO INFANTIL,35169535,SP,Campinas,Urbana,"JORGE KRUG, 197 VILA ITAPURA. 13020-431 Campinas - SP.",(19) 32337422,Particular,Entre 51 e 200 matrículas de escolarização,Educação Infantil,-22.89127,-47.06137
FADA MADRINHA ESCOLA INFANTIL,35169559,SP,Campinas,Urbana,"JULIA LEITE DE BARROS, 305 RUA. BARAO GERALDO. 13084-015 Campinas - SP.",(19) 32892701,Particular,Até 50 matrículas de escolarização,Educação Infantil,-22.81755011,-47.08938135
SOMAR ESCOLA DE EDUCACAO INFANTIL,35170057,SP,Campinas,Urbana,"MACATUBA, 56 RUA. VILA POMPEIA. 13050-443 Campinas - SP.",(19) 32281438,Particular,Entre 51 e 200 matrículas de escolarização,Educação Infantil,-22.9290033333333,-47.08703
CENTRO DE EDUCACAO E RECREACAO INFANTIL AZENHA,35170136,SP,Campinas,Urbana,"FRANCISCO DE PAULA OLIVEIRA NAZARETH, 1028 PARQUE INDUSTRIAL. 13031-440 Campinas - SP.",(19) 32739032,Particular,Até 50 matrículas de escolarização,Educação Infantil,-22.9177573230331,-47.0879459940336
PATACOLA ESCOLA DE EDUCACAO INFANTIL,35170161,SP,Campinas,Urbana,"RIBEIRAO BONITO, 516 RUA. JARDIM DO TREVO. 13030-120 Campinas - SP.",(19) 32723195,Particular,Entre 51 e 200 matrículas de escolarização,Educação Infantil,-22.9281544514369,-47.0741471243942
LYON CAMPINAS COLEGIO,35172467,SP,Campinas,Urbana,"PROENCA, 1141 RUA. BOSQUE. 13026-121 Campinas - SP.",(19) 32527400,Particular,Entre 201 e 500 matrículas de escolarização,"Ensino Fundamental, Ensino Médio",-22.9103211,-47.0464787
CRESCER COLEGIO,35172510,SP,Campinas,Urbana,"ITATIBA, 1427 RUA. JARDIM NOVO CAMPOS ELISEOS. 13050-545 Campinas - SP.",(19) 32671228,Particular,Mais de 1000 matrículas de escolarização,"Educação Infantil, Ensino Fundamental, Ensino Médio",-22.94189307,-47.10219284
ABELHINHA RECANTO DE EDUCACAO INFANTIL,35175699,SP,Campinas,Urbana,"BORBOREMA, 189 RUA. VILA FORTUNA. 13032-320 Campinas - SP.",(19) 32425657,Particular,Entre 51 e 200 matrículas de escolarização,Educação Infantil,-22.9068631,-47.0863912
ESTILO INSTITUTO EDUCACIONAL,35176497,SP,Campinas,Urbana,"RUA EDMUNDO PANUNCIO, 209 JARDIM APARECIDA. 13068-606 Campinas - SP.",(19) 32811756,Particular,Entre 501 e 1000 matrículas de escolarização,"Educação Infantil, Ensino Fundamental, Ensino Médio",-22.85302141,-47.15975205
SAN CONRADO COLEGIO,35179905,SP,Campinas,Urbana,"JOAO LEONE, 155 RUA. JARDIM ROSANA SOUSAS. 13105-530 Campinas - SP.",(19) 32584710,Particular,Entre 51 e 200 matrículas de escolarização,"Ensino Fundamental, Ensino Médio",-22.8849267,-46.9716506
DOCTUS COLEGIO UNIDADE III,35185474,SP,Campinas,Urbana,"DOMINGOS MORO, 253 RUA. JARDIM CHAPADAO. 13070-026 Campinas - SP.",(19) 33685750,Particular,Entre 201 e 500 matrículas de escolarização,"Ensino Fundamental, Ensino Médio",-22.8938374,-47.0854596
PAES JUNIOR COLEGIO,35191991,SP,Campinas,Urbana,"ARMANDO SALES DE OLIVEIRA DOUTOR, 466 RUA. TAQUARAL. 13076-015 Campinas - SP.",(19) 32525297,Particular,Entre 51 e 200 matrículas de escolarização,Ensino Fundamental,-22.87832,-47.04936
JARDIN S COLEGIO,35194700,SP,Campinas,Urbana,"VIOLETAS, 95 RUA. VILA MIMOSA. 13050-063 Campinas - SP.",(19) 988387518,Particular,Entre 501 e 1000 matrículas de escolarização,"Educação Infantil, Ensino Fundamental, Ensino Médio",-22.9353215,-47.09170264
GENIUS COLEGIO,35194712,SP,Campinas,Urbana,"MOGI MIRIM, 1283 RUA. JARDIM NOVO CAMPOS ELISEOS. 13050-543 Campinas - SP.",(19) 32670357,Particular,Entre 501 e 1000 matrículas de escolarização,"Educação Infantil, Ensino Fundamental, Ensino Médio",-22.9445402,-47.0993477
LUZ DO SABER ESCOLA DE EDUCACAO INFANTIL,35196332,SP,Campinas,Urbana,"POMPILIO MORANDI, 226 RUA. VILA PROOST DE SOUZA. 13033-710 Campinas - SP.",(19) 32429576,Particular,Até 50 matrículas de escolarização,Educação Infantil,-22.9059,-47.09501
ELEFANTINHO AZUL ESCOLA INFANTIL,35196368,SP,Campinas,Urbana,"AVENIDA ENGENHEIRO CARLOS STEVENSON, 915 NOVA CAMPINAS. 13092-132 Campinas - SP.",(19) 32710969,Particular,Entre 51 e 200 matrículas de escolarização,Educação Infantil,-22.9224039,-47.0424554
CASA DE ESCOLA ESCOLA DE EDUCACAO INFANTIL,35196381,SP,Campinas,Urbana,"JOAO AUGUSTO DE TOLEDO PROFESSOR, 251 RUA. VILA PROOST DE SOUZA. 13033-720 Campinas - SP.",(19) 32424055,Particular,Entre 51 e 200 matrículas de escolarização,Educação Infantil,-22.9020881223803,-47.093707531814
ASSOCIACAO DOUGLAS ANDREANI ADA,35266673,SP,Campinas,Urbana,"RUA JOSE PAULINO, 1395 RUA. CENTRO. 13013-001 Campinas - SP.",(19) 32691628,Comunitária,Entre 501 e 1000 matrículas de escolarização,Educação Infantil,-22.9370660166667,-47.0774565833333
RECANTO INFANTIL GIRASSOL LTDA,35292000,SP,Campinas,Urbana,"DAS HORTENCIAS, 281 RUA. CHACARA PRIMAVERA. 13087-440 Campinas - SP.",,Particular,Entre 51 e 200 matrículas de escolarização,Educação Infantil,-22.8615952,-47.0527733
WALDORF JD DAS AMORAS ESCOLA,35292424,SP,Campinas,Urbana,"AVENIDA DOUTOR JESUINO MARCONDES MACHADO, 945 JARDIM PLANALTO. 13092-001 Campinas - SP.",(19) 971565473,Particular,Entre 51 e 200 matrículas de escolarização,Educação Infantil,-22.8980251,-47.0437263
PANDINHA BERCARIO E MATERNAL,35295528,SP,Campinas,Urbana,"JOAQUIM ULISSES SARMENTO, 545 RUA. JARDIM AURELIA. 13033-080 Campinas - SP.",(19) 32132745,Particular,Entre 51 e 200 matrículas de escolarização,Educação Infantil,-22.9078731918591,-47.0971132660348
SEMEAR COLEGIO,35297641,SP,Campinas,Urbana,"RUA ATERLA, 83 83 93 E 103. PARQUE UNIVERSITARIO DE VIRACOPOS. 13056-483 Campinas - SP.",(19) 32665124,Particular,Entre 201 e 500 matrículas de escolarização,"Educação Infantil, Ensino Fundamental",-22.9681183,-47.1402517
ALEGRIA DE SABER CENTRO EDUCACIONAL,35299467,SP,Campinas,Urbana,"AVENIDA SANTA BARBARA DO RIO PARDO, 264 274284. JARDIM NOVA EUROPA. 13040-076 Campinas - SP.",(19) 32780646,Particular,Entre 51 e 200 matrículas de escolarização,"Educação Infantil, Ensino Fundamental",-22.9442016,-47.0620646
FARROUPILHA COLEGIO UNIDADE II,35299996,SP,Campinas,Urbana,"FERNAO LOPES, 1420 RUA. PARQUE TAQUARAL. 13087-051 Campinas - SP.",(19) 32417811,Particular,Entre 51 e 200 matrículas de escolarização,Educação Infantil,-22.8691846,-47.0606593
PIK NIK ESCOLA DE EDUCACAO INFANTIL,35301673,SP,Campinas,Urbana,"SILVIO RIZZARDO, 1273 RUA. JARDIM PAULICEIA. 13060-077 Campinas - SP.",(19) 30257704,Particular,Até 50 matrículas de escolarização,Educação Infantil,-22.922928,-47.1060617
VIVENDO E APRENDENDO UNIDADE III COLEGIO,35303847,SP,Campinas,Urbana,"CASTELNUOVO, 760 RUA. JARDIM GARCIA. 13061-085 Campinas - SP.",(19) 32291933,Particular,Entre 51 e 200 matrículas de escolarização,Educação Infantil,-22.9137447,-47.111045
CENTRO EDUCACIONAL CORACAO DE MARIA CECOM,35307661,SP,Campinas,Urbana,"RUA JOSE CASONATO, 160 RUA. CIDADE SATELITE IRIS. 13059-675 Campinas - SP.",(19) 32292890,Comunitária,Entre 51 e 200 matrículas de escolarização,Educação Infantil,-22.9399085137993,-47.1372493542731
PEQUENO PARAISO LAR,35307671,SP,Campinas,Urbana,"SANTA ERNESTINA, 243 JARDIM GUARANI. 13100-202 Campinas - SP.",(19) 32945938,Comunitária,Entre 51 e 200 matrículas de escolarização,Educação Infantil,-22.91224476,-47.03619371
EUCLIDES FAICARE COLEGIO,35308158,SP,Campinas,Urbana,"PEDREIRA, 1008 RUA. JARDIM NOVO CAMPOS ELISEOS. 13050-544 Campinas - SP.",(19) 32271419,Particular,Entre 51 e 200 matrículas de escolarização,"Educação Infantil, Ensino Fundamental",-22.94549695,-47.10024278
EDUCARTE DE CAMPINAS EEIEF,35367746,SP,Campinas,Urbana,"JANANAYRA, 912 RUA. VILA AEROPORTO. 13054-132 Campinas - SP.",(19) 992340432,Particular,Entre 501 e 1000 matrículas de escolarização,"Educação Infantil, Ensino Fundamental",-22.97282558,-47.12493399
DOMBOSQUINHO,35376863,SP,Campinas,Urbana,"JOSE PAULINO, 479 RUA. CENTRO. 13013-000 Campinas - SP.",(19) 32312644,Filantrópica,Entre 51 e 200 matrículas de escolarização,Educação Infantil,-22.91016132,-47.05885924
CIRANDINHA INSTITUTO EDUCACIONAL,35386029,SP,Campinas,Urbana,"ATERLA, 40 RUA. PARQUE UNIVERSITARIO DE VIRACOPOS. 13056-487 Campinas - SP.",(19) 32665044,Particular,Entre 51 e 200 matrículas de escolarização,"Educação Infantil, Ensino Fundamental",-22.96773899,-47.14001767
CENTRO EDUCACIONAL FITEL,35401894,SP,Campinas,Urbana,"ALADINO SELMI COMENDADOR, 2211 AVENIDA. PARQUE CIDADE CAMPINAS. 13069-036 Campinas - SP.",(19) 32460035,Particular,Entre 51 e 200 matrículas de escolarização,"Educação Infantil, Ensino Fundamental",-22.8499145,-47.1238485
INOVAR COLEGIO,35420323,SP,Campinas,Urbana,"FRANCISCO DE PAULA OLIVEIRA NAZARETH, 608 AVENIDA. PARQUE INDUSTRIAL. 13031-440 Campinas - SP.",,Particular,Entre 51 e 200 matrículas de escolarização,Educação Infantil,-22.9190079,-47.0856509
OFICINA DO ESTUDANTE COLEGIO,35437153,SP,Campinas,Urbana,"FELIPE DOS SANTOS, 37 RUA. JARDIM GUANABARA. 13073-270 Campinas - SP.",(19) 32416688,Particular,Entre 501 e 1000 matrículas de escolarização,"Ensino Fundamental, Ensino Médio",-22.85477943,-47.05141037
THEMAEDUCANDO ESCOLA,35437670,SP,Campinas,Urbana,"PIEDADE, 185 RUA. CHACARA DA BARRA. 13090-749 Campinas - SP.",(19) 32534125,Particular,Entre 201 e 500 matrículas de escolarização,"Educação Infantil, Ensino Fundamental",-22.8877862,-47.0371159
BATISTA VISTA ALEGRE COLEGIO,35438674,SP,Campinas,Urbana,"JOSE ROBERTO LUCAS PROFESSOR, 10 RUA. JARDIM VISTA ALEGRE. 13056-520 Campinas - SP.",(19) 36662275,Particular,Entre 51 e 200 matrículas de escolarização,"Educação Infantil, Ensino Fundamental",-22.969855,-47.14833667
CANTINHO DO APRENDIZ CEIEF,35438765,SP,Campinas,Urbana,"JUAREZ TAVORA MARECHAL, 58 AVENIDA. JARDIM CAMPOS ELISEOS. 13060-866 Campinas - SP.",(19) 32014590,Particular,Entre 51 e 200 matrículas de escolarização,"Educação Infantil, Ensino Fundamental",-22.9292675,-47.0996544
INSTITUTO JACARANDA DE EDUCACAO INFANTIL,35439381,SP,Campinas,Urbana,"MAESTRO FRANCISCO MANOEL DA SILVA, 84 CASA 36 48 60 72 96. JARDIM SANTA GENEBRA. 13080-190 Campinas - SP.",(19) 37092828,Filantrópica,Até 50 matrículas de escolarização,Educação Infantil,-22.85034,-47.07484
ASSOCIACAO FRANCISCANAS MISSIONARIAS CORACAO IMACULADO,35440395,SP,Campinas,Urbana,"HARALDO EGIDIO DE SOUZA SANTOS TENENTE, 405 AVENIDA. JARDIM CHAPADAO. 13070-160 Campinas - SP.",(19) 32419521,Filantrópica,Entre 51 e 200 matrículas de escolarização,Educação Infantil,-22.8859912,-47.0739599
APAS II ASSOCIACAO PRESBITERIANA DE ACAO SOCIAL,35441119,SP,Campinas,Urbana,"SERRA DO UMBUZEIRO, 540 RUA. JARDIM PARANAPANEMA. 13100-239 Campinas - SP.",(19) 32526191,Comunitária,Entre 51 e 200 matrículas de escolarização,Educação Infantil,-22.9147379519418,-47.0333559159189
PORTAL DO FUTURO COLEGIO,35441867,SP,Campinas,Urbana,"PEROBAS, 497 RUA. VILA BOA VISTA. 13064-763 Campinas - SP.",(19) 32451473,Particular,Até 50 matrículas de escolarização,"Educação Infantil, Ensino Fundamental",-22.89035944,-47.11901746
ARTE E SABER ESCOLA DE EDUCACAO INFANTIL,35448011,SP,Campinas,Urbana,"SETE DE SETEMBRO, 693 RUA. VILA INDUSTRIAL. 13035-350 Campinas - SP.",(19) 32736736,Particular,Até 50 matrículas de escolarização,Educação Infantil,-22.91294,-47.06434452
LEADERS SCHOOL,35448515,SP,Campinas,Urbana,"LEONTINA CARVALHO SIQUEIRA, 38 BAIRRO DAS PALMEIRAS. 13092-580 Campinas - SP.",(19) 33050202,Particular,Entre 51 e 200 matrículas de escolarização,"Educação Infantil, Ensino Fundamental, Ensino Médio",-22.8984972,-47.0158541
AMIGOS DA CRIANCA CENTRO ESPIRITA FE E AMOR,35448722,SP,Campinas,Urbana,"ROSA AGRITELLI CIPRIANO, 01 RUA. JARDIM MONTE CRISTOPARQUE OZIEL. 13049-103 Campinas - SP.",(19) 32877352,Comunitária,Entre 501 e 1000 matrículas de escolarização,Educação Infantil,-22.9353063041344,-47.0795402862132
TURMA DO MICKEY ESCOLA INFANTIL,35448746,SP,Campinas,Urbana,"AMILAR ALVES, 334 RUA. VILA JOAO JORGE. 13041-301 Campinas - SP.",(19) 32316454,Particular,Até 50 matrículas de escolarização,Educação Infantil,-22.9192,-47.05852
COLEGIO PROGRESSO UNIDADE TAQUARAL,35450856,SP,Campinas,Urbana,"JORGE DE FIGUEIREDO CORREA, SN RUA. PARQUE TAQUARAL. 13087-261 Campinas - SP.",(19) 32566868,Particular,Entre 501 e 1000 matrículas de escolarização,"Educação Infantil, Ensino Fundamental, Ensino Médio",-22.8667754,-47.0491004
CONTEMPORANEA TEENS ESCOLA,35450984,SP,Campinas,Urbana,"TERESA CRISTINA IMPERATRIZ DONA, 94 AVENIDA. JARDIM GUARANI. 13100-200 Campinas - SP.",(19) 36373650,Particular,Entre 51 e 200 matrículas de escolarização,Ensino Fundamental,-22.91119611,-47.04312008
TURMA DA GIGI ESCOLA DE EDUCACAO INFANTIL,35460965,SP,Campinas,Urbana,"ABOLICAO, 2760 2770. VILA JOAQUIM INACIO. 13045-750 Campinas - SP.",(19) 32768600,Particular,Entre 51 e 200 matrículas de escolarização,Educação Infantil,-22.93194,-47.03669
ABRACESOLIDARIO ASSOCIACAO DE DESENVOLVIMENTO HUMANO,35462032,SP,Campinas,Urbana,"RUA ARACANDIVA, 351 RUA. LOTEAMENTOS ALPHAVILLE. 13098-376 Campinas - SP.",(19) 32621948,Comunitária,Entre 501 e 1000 matrículas de escolarização,Educação Infantil,-22.81321,-47.01811
ALEGRIA E CIA RECANTO INFANTIL,35462111,SP,Campinas,Urbana,"RUA EMERSON JOSE MOREIRA, 781 CHACARA PRIMAVERA. 13087-441 Campinas - SP.",(19) 32418339,Particular,Entre 51 e 200 matrículas de escolarização,Educação Infantil,-22.8648734,-47.05124103
KEYDLU ESCOLA DE EDUCACAO INFANTIL,35462408,SP,Campinas,Urbana,"ESTADOS UNIDOS, 619 AVENIDA. JARDIM NOVA EUROPA. 13040-099 Campinas - SP.",(19) 32780230,Particular,Até 50 matrículas de escolarização,Educação Infantil,-22.93464,-47.0653
RECRIANCA BERCARIO E ESCOLA INFANTIL,35462676,SP,Campinas,Urbana,"JOSE HENRIQUE TAVARES, 07 RUA. VILA NOGUEIRA. 13088-031 Campinas - SP.",(19) 32961577,Particular,Entre 51 e 200 matrículas de escolarização,Educação Infantil,-22.8686316666667,-47.0393316666667
MUNDO DOS SONHOS ESCOLA DE EDUCACAO INFANTIL E FUNDAMENTAL,35464156,SP,Campinas,Urbana,"JOAO PESSINI, 148 RUA. JARDIM NOVO MARACANA. 13058-404 Campinas - SP.",(19) 32210067,Particular,Entre 201 e 500 matrículas de escolarização,"Educação Infantil, Ensino Fundamental",-22.9484195,-47.1850484
COLEGIO NOSSA SENHORA DA MISERICORDIA,35464168,SP,Campinas,Urbana,"SANTA MARIA ROSSELO, 71 RUA. MANSOES SANTO ANTONIO. 13087-503 Campinas - SP.",(19) 21211550,Particular,Entre 201 e 500 matrículas de escolarização,"Educação Infantil, Ensino Fundamental",-22.8486935,-47.0547104
PEQUENO MUNDO ESCOLA DE EDUCACAO INFANTIL E FUNDAMENTAL,35466670,SP,Campinas,Urbana,"MARIO AUGUSTO MUNIZ DE ARAGAO, 1151 RUA. JARDIM DOS OLIVEIRAS. 13044-190 Campinas - SP.",(19) 32766757,Particular,Entre 201 e 500 matrículas de escolarização,"Educação Infantil, Ensino Fundamental",-22.940585,-47.04459833
OBJETIVO VILA INDUSTRIAL,35467765,SP,Campinas,Urbana,"SALES DE OLIVEIRA DOUTOR, 1161 RUA. VILA INDUSTRIAL. 13035-270 Campinas - SP.",(19) 25135025,Particular,Entre 201 e 500 matrículas de escolarização,Ensino Médio,-22.9090401,-47.0755418
ASSOCIACAO AMIGOS DA CRIANCA UNIDADE III CAMPO BELO AMIC,35468708,SP,Campinas,Urbana,"ALVARO SALVETI, 803 RUA. JARDIM CAMPO BELO. 13053-135 Campinas - SP.",(19) 37623545,Filantrópica,Entre 201 e 500 matrículas de escolarização,Educação Infantil,-23.03602912,-47.11908488
TIQUIRA ESCOLA BASICA,35471653,SP,Campinas,Urbana,"ANTONIO DE PADUA FREI, 1208 RUA. JARDIM GUANABARA. 13073-330 Campinas - SP.",(19) 32424526,Particular,Entre 201 e 500 matrículas de escolarização,Ensino Fundamental,-22.89041044,-47.07160262
TORRE FORTE INSTITUTO EDUCACIONAL,35480149,SP,Campinas,Urbana,"JORGE TIBIRICA, 1608 AVENIDA. JARDIM DOS OLIVEIRAS. 13044-125 Campinas - SP.",(19) 988387518,Particular,Entre 201 e 500 matrículas de escolarização,"Educação Infantil, Ensino Fundamental",-22.9330169,-47.0495331
ESCOLA TIGRINHOS E GOLDEN TIGERS ED INF ENS FUNDAMENTAL,35480290,SP,Campinas,Urbana,"LUMEN CHRISTI, 02 RUA. JARDIM DAS PAINEIRAS. 13092-320 Campinas - SP.",(19) 32520958,Particular,Entre 201 e 500 matrículas de escolarização,"Educação Infantil, Ensino Fundamental",-22.8944467,-47.0348
LIVRE SOFIA ESCOLA,35480514,SP,Campinas,Urbana,"RUA MAESTRO LUIZ DE TULIO, 236 RUA. VILA BRANDINA. 13092-558 Campinas - SP.",(19) 37621327,Particular,Entre 51 e 200 matrículas de escolarização,Ensino Fundamental,-22.8985861,-47.0283265
JATOBA RECREACAO INFANTIL,35496431,SP,Campinas,Urbana,"MENOTTI ARTHUR GRIGOL, 225 RUA. CHACARA SANTA MARGARIDA. 13085-485 Campinas - SP.",(19) 32875344,Particular,Entre 51 e 200 matrículas de escolarização,Educação Infantil,-22.7936641266569,-47.0715502370149
BRASINHA BERCARIO DE ESTIMULO E APRENDIZAGEM,35518876,SP,Campinas,Urbana,"LUIZ DALINCOURT, 311 BOSQUE. 13026-040 Campinas - SP.",(19) 32513769,Particular,Até 50 matrículas de escolarização,Educação Infantil,-22.9087075079073,-47.0468653645805
COLEGIO AZENHA,35524128,SP,Campinas,Urbana,"JOAO BATISTA MORATO DO CANTO, 1821 AVENIDA. VILA ANHANGUERA. 13031-800 Campinas - SP.",(19) 33428984,Particular,Entre 201 e 500 matrículas de escolarização,Ensino Fundamental,-22.91840573,-47.08822824
WALDORF AMORINHAS BERCARIO,35528316,SP,Campinas,Urbana,"HELENA STEIMBERG, 625 RUA. JARDIM SAO CARLOS. 13092-481 Campinas - SP.",(19) 33950129,Particular,Até 50 matrículas de escolarização,Educação Infantil,-22.8949489,-47.0409885
PASSO MAGICO ESCOLA INFANTIL,35560583,SP,Campinas,Urbana,"JORGE TIBIRICA, 1750 AVENIDA. JARDIM DOS OLIVEIRAS. 13044-125 Campinas - SP.",(19) 32764666,Particular,Entre 51 e 200 matrículas de escolarização,Educação Infantil,-22.9347875062376,-47.0486933737993
ANAS PARK RECANTO INFANTIL,35560595,SP,Campinas,Urbana,"CARLOS CASTELLO BRANCO, 75 RUA. PARQUE RESIDENCIAL VILA UNIAO. 13060-739 Campinas - SP.",(19) 32238266,Particular,Até 50 matrículas de escolarização,Educação Infantil,-22.93748,-47.1194
CORRENTE DO BEM ESPACO,35565088,SP,Campinas,Urbana,"DANTON GOMES, 25 RUA. VILA BRANDINA. 13092-510 Campinas - SP.",(19) 32942625,Comunitária,Entre 51 e 200 matrículas de escolarização,Educação Infantil,-22.8994611,-47.0273073
GERACAO COLEGIO,35566925,SP,Campinas,Urbana,"AVENIDA MARECHAL JUAREZ TAVORA, 980 990. JARDIM CAMPOS ELISEOS. 13060-866 Campinas - SP.",(19) 33815637,Particular,Entre 51 e 200 matrículas de escolarização,"Educação Infantil, Ensino Fundamental",-22.9218693,-47.0984911
AKATU ESCOLA ALDEIA,35567759,SP,Campinas,Urbana,"RUA JOAO BATISTA GRIGOL, 161 CHACARA BELVEDERE. 13085-335 Campinas - SP.",(19) 32876761,Comunitária,Entre 51 e 200 matrículas de escolarização,"Educação Infantil, Ensino Fundamental",-22.7892342,-47.0766914
ESCOLA DE EDUCACAO INFANTIL LEVICEU,35568661,SP,Campinas,Urbana,"MOGI MIRIM, 500 RUA. JARDIM NOVO CAMPOS ELISEOS. 13050-543 Campinas - SP.",(19) 32284791,Particular,Entre 51 e 200 matrículas de escolarização,"Educação Infantil, Ensino Fundamental",-22.9379136,-47.0992361
ESCOLA DE EDUCACAO INFANTIL NETO LORENZO,35570539,SP,Campinas,Urbana,"FERNAO DE MAGALHAES, 6 RUA. PARQUE TAQUARAL. 13087-130 Campinas - SP.",(19) 32561101,Particular,Até 50 matrículas de escolarização,Educação Infantil,-22.86928964,-47.04895363
FRASSON ESCOLA DE EDUCACAO INFANTIL LTDA ESCOLA CRIATIVA,35571398,SP,Campinas,Urbana,"RUA FREI ANTONIO DE PADUA, 1509 RUA. JARDIM GUANABARA. 13073-330 Campinas - SP.",(19) 992000028,Particular,Entre 51 e 200 matrículas de escolarização,Educação Infantil,-22.88503,-47.06895
CONTEMPORANEA ESCOLA,35571751,SP,Campinas,Urbana,"GUARANI, 896 AVENIDA. JARDIM GUARANI. 13100-211 Campinas - SP.",(19) 32543344,Particular,Até 50 matrículas de escolarização,Educação Infantil,-22.91034257,-47.04212573
COLEGIO ELITECOL,35579403,SP,Campinas,Urbana,"LUIZ OTAVIO, 2535 RUA. PARQUE RURAL FAZENDA SANTA CANDIDA. 13087-560 Campinas - SP.",(19) 32511012,Particular,Entre 201 e 500 matrículas de escolarização,"Ensino Fundamental, Ensino Médio",-22.8506642,-47.0433513
COLEGIO BLESSED,35581690,SP,Campinas,Urbana,"RUA ADIL CARLOS LEONE, 172 PARQUE VIA NORTE. 13065-197 Campinas - SP.",(19) 988387518,Particular,Entre 51 e 200 matrículas de escolarização,"Educação Infantil, Ensino Fundamental",-22.88126419,-47.12402439
ESCOLA INFANTIL NO MUNDO DAS CORES,35581872,SP,Campinas,Urbana,"IRIS, 167 RUA. VILA MIMOSA. 13050-065 Campinas - SP.",(19) 30322582,Particular,Entre 51 e 200 matrículas de escolarização,Educação Infantil,-22.9368069,-47.0918266
INSTITUTO DE EDUCACAO PARQUE INDUSTRIAL IEPI,35582803,SP,Campinas,Urbana,"JOAO BATISTA MORATO DO CANTO, 1695 AVENIDA. VILA ANHANGUERA. 13031-800 Campinas - SP.",(19) 25152353,Particular,Entre 501 e 1000 matrículas de escolarização,"Educação Infantil, Ensino Fundamental, Ensino Médio",-22.9181774,-47.0871203
CRECHE AGOSTINIANA SANTO ANTONIO,35583431,SP,Campinas,Urbana,"JOSEPH COOPER REINHARDT, 350 ANEXO 450. VILA MARIETA. 13042-200 Campinas - SP.",(19) 32335544,Filantrópica,Entre 501 e 1000 matrículas de escolarização,Educação Infantil,-22.927625044249,-47.055571898818
RECANTO INFANTIL SERELEPE,35586869,SP,Campinas,Urbana,"JOAO BATISTA SIGNORI, 70 RUA. VILA NOVA. 13073-065 Campinas - SP.",(19) 32420463,Particular,Até 50 matrículas de escolarização,Educação Infantil,-22.8808869,-47.0684217
CATATAU PARQUE INFANTIL,35800375,SP,Campinas,Urbana,"MANOEL DA RESSURREICAO FREI, 615 RUA. JARDIM GUANABARA. 13073-221 Campinas - SP.",(19) 32412522,Particular,Entre 51 e 200 matrículas de escolarização,Educação Infantil,-22.89115459,-47.07232473
EEI PINGO DE MEL E ENSINO FUNDAMENTAL COLEGIO LADS,35800387,SP,Campinas,Urbana,"PAULO PROVENZA SOBRINHO, 1015 AVENIDA. VILA PERSEU LEITE DE BARROS. 13060-356 Campinas - SP.",(19) 32694637,Particular,Entre 201 e 500 matrículas de escolarização,"Educação Infantil, Ensino Fundamental, Ensino Médio",-22.9272483,-47.1094813
CENTRO EDUCACIONAL LAPORTE,35800417,SP,Campinas,Urbana,"FRANCISCO DE PAULA OLIVEIRA NAZARETH, 658 AVENIDA. PARQUE INDUSTRIAL. 13031-440 Campinas - SP.",(19) 32732854,Particular,Até 50 matrículas de escolarização,Educação Infantil,-22.9201934393495,-47.085375180468
ALICERCE COLEGIO,35800430,SP,Campinas,Urbana,"BENEDITO RODRIGUES GOUVEIA, 259 RUA. JARDIM CAMPOS ELISEOS. 13060-020 Campinas - SP.",(19) 32272383,Particular,Entre 201 e 500 matrículas de escolarização,"Educação Infantil, Ensino Fundamental",-22.926875,-47.0991511
BOLHA D AGUA RECANTO INFANTIL,35800442,SP,Campinas,Urbana,"ADALBERTO MAIA, 116 RUA. TAQUARAL. 13076-007 Campinas - SP.",(19) 32547034,Particular,Até 50 matrículas de escolarização,Educação Infantil,-22.8841953,-47.053774
CRESCENDO BERCARIO E ESCOLA EDUC INFANTIL,35800478,SP,Campinas,Urbana,"DOUTOR FRANZ WILHELM DAFFERT, 362 AVENIDA. JARDIM CHAPADAO. 13070-161 Campinas - SP.",(19) 32134242,Particular,Até 50 matrículas de escolarização,Educação Infantil,-22.8825402,-47.0737328
BARONESA RECANTO INFANTIL,35800521,SP,Campinas,Urbana,"AVENIDA JULIO DINIZ, 411 AVENIDA. JD NOSSA SRA AUXILIADORA. 13075-420 Campinas - SP.",(19) 32425202,Particular,Até 50 matrículas de escolarização,Educação Infantil,-22.8796827890598,-47.0586846156463
RDS INSTITUTO EDUCACIONAL,35801963,SP,Campinas,Urbana,"ANTONIO FERREIRA LARANJA, 57 RUA. JARDIM GARCIA. 13061-090 Campinas - SP.",(19) 37287700,Particular,Entre 501 e 1000 matrículas de escolarização,"Ensino Fundamental, Ensino Médio",-22.91429631,-47.10182081
CRIATIVA ESCOLA ENSINO FUNDAMENTAL E INFANTIL,35802062,SP,Campinas,Urbana,"JOSE STRAZZACAPA, 44 RUA. JARDIM MADALENA. 13091-603 Campinas - SP.",(19) 32070396,Particular,Entre 201 e 500 matrículas de escolarização,"Educação Infantil, Ensino Fundamental",-22.8718995535746,-47.0319682080299
PAO DOS POBRES DE SANTO ANTONIO ASSOCIACAO DO,35804678,SP,Campinas,Urbana,"RUA REGENTE FEIJO, 487 RUA. CENTRO. 13013-051 Campinas - SP.",(19) 32311073,Filantrópica,Entre 51 e 200 matrículas de escolarização,Educação Infantil,-22.910255,-47.0579166666667
CENTRO DE PROMOCAO PARA UM MUNDO MELHOR CEPROMM,35804685,SP,Campinas,Urbana,"CORUMBATAI, 254 RUA. JARDIM ITATINGA. 13052-444 Campinas - SP.",(19) 32650213,Filantrópica,Entre 51 e 200 matrículas de escolarização,Educação Infantil,-22.9808248,-47.1078655
CASA DA CRIANCA MARIA LUISA HARTZER,35804691,SP,Campinas,Urbana,"ANTONIO VICENTE LEVANTEZI, 290 RUA. PARQUE MONTREAL. 13052-344 Campinas - SP.",(19) 32258884,Filantrópica,Entre 201 e 500 matrículas de escolarização,Educação Infantil,-22.9685266666667,-47.1071516666667
MADRE ANASTACIA CASA DA CRIANCA,35804708,SP,Campinas,Urbana,"DANIEL GODOI PEREIRA, 52 RUA. CONJUNTO HABITACIONAL VIDA NOVA. 13057-541 Campinas - SP.",(19) 32667366,Filantrópica,Entre 201 e 500 matrículas de escolarização,Educação Infantil,-22.97625,-47.17342
CASA DA CRIANCA DE SOUSAS,35804712,SP,Campinas,Urbana,"MARIA DE ALMEIDA MAGALHAES, 288 RUA. SOUSAS. 13106-016 Campinas - SP.",(19) 32581892,Filantrópica,Entre 51 e 200 matrículas de escolarização,Educação Infantil,-22.8818712104112,-46.9645825680345
VOVO NESTOR CASA DA CRIANCA,35804721,SP,Campinas,Urbana,"PEDRO BRAGA, 130 RUA. PARQUE ITALIA. 13036-135 Campinas - SP.",(19) 32724737,Filantrópica,Entre 201 e 500 matrículas de escolarização,Educação Infantil,-22.9189383333333,-47.0675583333333
SEMENTE DA VIDA CENTRO DE FORMACAO,35804733,SP,Campinas,Urbana,"IVO GATTI, 95 RUA. JARDIM FLAMBOYANT. 13091-214 Campinas - SP.",(19) 32536014,Comunitária,Entre 51 e 200 matrículas de escolarização,Educação Infantil,-22.88708,-47.02841
MENINO JESUS DE PRAGA CRECHE,35804745,SP,Campinas,Urbana,"ANUAR MURAD BUFARAH, 578 RUA. NOVO CAMBUI. 13023-630 Campinas - SP.",,Filantrópica,Entre 51 e 200 matrículas de escolarização,Educação Infantil,-22.88360833,-47.04477833
BENTO QUIRINO CRECHE I,35804769,SP,Campinas,Urbana,"RUA CONEGO CIPIAO, 802 RUA. CENTRO. 13010-010 Campinas - SP.",(19) 32312831,Filantrópica,Entre 201 e 500 matrículas de escolarização,Educação Infantil,-22.9068266666667,-47.0555466666667
JORGE RAFFUL KANAWATY CRECHE,35804770,SP,Campinas,Urbana,"ELDORADO, 156 RUA. JARDIM ITATINGA. 13052-450 Campinas - SP.",(19) 32259734,Filantrópica,Entre 51 e 200 matrículas de escolarização,Educação Infantil,-22.98023619,-47.10514568
CANTINHO DE LUZ CRECHE,35804782,SP,Campinas,Urbana,"RUA TRINTA E UM DE MAIO, 49 RUA. JARDIM SANTA EUDOXIA. 13096-322 Campinas - SP.",(19) 32545222,Filantrópica,Entre 51 e 200 matrículas de escolarização,Educação Infantil,-22.9263,-47.0325
HUMBERTO DE CAMPOS INSTITUTO POPULAR,35804794,SP,Campinas,Urbana,"SERAFINA IRMA, 674 RUA. CENTRO. 13015-201 Campinas - SP.",(19) 25148784,Filantrópica,Entre 51 e 200 matrículas de escolarização,Educação Infantil,-22.90557843,-47.05569176
GUSTAVO MARCONDES CRECHE,35804800,SP,Campinas,Urbana,"MARIA FRANCO SALGADO DONA, 881 JARDIM ATIBAIA SOUSAS. 13106-290 Campinas - SP.",(19) 32582419,Filantrópica,Entre 51 e 200 matrículas de escolarização,Educação Infantil,-22.8866757173091,-46.9661724474281
CRECHE MAE LUIZA,35804836,SP,Campinas,Urbana,"THEODURETO DE ALMEIDA CAMARGO DOUTOR, 750 AVENIDA. JARDIM NOSSA SENHORA AUXILIADORA. 13075-630 Campinas - SP.",(19) 32423877,Filantrópica,Entre 51 e 200 matrículas de escolarização,Educação Infantil,-22.87212,-47.06917
ASSOCIACAO FRANCISCANA DE ASSISTENCIA SOCIAL SAO JOSE CENTRO EDUCACIONAL IRMA MARIA ANGELA,35804848,SP,Campinas,Urbana,"FRANCISCO BIANCHINI, 303 RUA. VILA GEORGINA. 13043-720 Campinas - SP.",(19) 32767232,Filantrópica,Entre 51 e 200 matrículas de escolarização,Educação Infantil,-22.9332816666667,-47.042575
GRUPO DE ORACAO ESPERANCA,35804859,SP,Campinas,Urbana,"LUIZ ROSA PROFESSOR, 184 RUA. BOTAFOGO. 13020-260 Campinas - SP.",(19) 32016249,Filantrópica,Entre 51 e 200 matrículas de escolarização,Educação Infantil,-22.90066085,-47.06482928
TIA LEA CRECHE,35804861,SP,Campinas,Urbana,"ANTONIO LOURENCO, 382 RUA. JARDIM SAO PEDRO. 13046-150 Campinas - SP.",(19) 32769679,Filantrópica,Entre 51 e 200 matrículas de escolarização,Educação Infantil,-22.93291096,-47.02222848
DOM NERY INSTITUTO DE MENORES,35804873,SP,Campinas,Urbana,"PAULO DE ALMEIDA NOGUEIRA, 240 AVENIDA. TAQUARAL. 13076-310 Campinas - SP.",(19) 32532954,Filantrópica,Entre 201 e 500 matrículas de escolarização,Educação Infantil,-22.8795,-47.0491766666667
JESUS DE NAZARE LAR ESCOLA,35804897,SP,Campinas,Urbana,"VITAL BRASIL, 636 RUA. JARDIM BELA VISTA. 13077-005 Campinas - SP.",(19) 32523922,Filantrópica,Entre 51 e 200 matrículas de escolarização,Educação Infantil,-22.8747846,-47.0442843
ASSOCIACAO DOS AMIGOS DA CRIANCA AMIC,35804927,SP,Campinas,Urbana,"RUA TENENTE LORIVAL BERTINOTI, 300 VILLAGE CAMPINAS. 13085-724 Campinas - SP.",(19) 32877970,Filantrópica,Entre 201 e 500 matrículas de escolarização,Educação Infantil,-22.7448756247759,-47.0525257475674
NOSSA SENHORA DA VISITACAO CENTRO PROMOCIONAL,35804939,SP,Campinas,Urbana,"MARCIO EGIDIO DE SOUZA ARANHA, 143 AVENIDA. JARDIM IPAUSSURAMA. 13060-840 Campinas - SP.",(19) 32278128,Filantrópica,Entre 51 e 200 matrículas de escolarização,Educação Infantil,-22.92812645,-47.12341997
NOVA JERUSALEM CENTRO EDUCAC ASSIST BENEFICENTE,35804940,SP,Campinas,Urbana,"ALVES PRESIDENTE, 1252 RUA. JARDIM FLAMBOYANT. 13091-107 Campinas - SP.",(19) 32558350,Filantrópica,Entre 51 e 200 matrículas de escolarização,Educação Infantil,-22.8888729,-47.03058789
ASSOCIACAO EVANGELICA ASSISTENCIAL,35804952,SP,Campinas,Urbana,"RUA FRANCISCO ANTONIO DA SILVA, 770 RUA. VILA FORMOSA. 13045-025 Campinas - SP.",(19) 32760357,Filantrópica,Entre 51 e 200 matrículas de escolarização,Educação Infantil,-22.9512333333333,-47.0223916666667
SPES SERVICO SOCIAL DA PAROQUIA SAO PAULO APOSTOLO,35804964,SP,Campinas,Urbana,"LUIZ ARISTEO NUCCI, 9 RUA. JARDIM SAO MARCOS. 13082-210 Campinas - SP.",(19) 32460921,Comunitária,Entre 51 e 200 matrículas de escolarização,Educação Infantil,-22.8500569756431,-47.1177039404431
LAR TERNURA CRECHE,35804976,SP,Campinas,Urbana,"ANTHERO CHRYSTINO, 627 RUA. PARQUE RURAL FAZENDA SANTA CANDIDA. 13087-556 Campinas - SP.",(19) 32568923,Filantrópica,Entre 51 e 200 matrículas de escolarização,Educação Infantil,-22.8346588,-47.0377146
MAE CRISTINA CRECHE,35804988,SP,Campinas,Urbana,"ANTONIO FRANCISCO DE PAULA SOUZA ENGENHEIRO, 790 AVENIDA. VILA PARAISO. 13043-540 Campinas - SP.",(19) 32711891,Filantrópica,Entre 51 e 200 matrículas de escolarização,Educação Infantil,-22.92841,-47.04585
RUTH DE MARIA CAMARGO SAMPAIO IRMA FUNDACAO,35804997,SP,Campinas,Urbana,"RUA ANTONIO DE MENDONCA, 100 CHACARA BOA VISTA. 13068-575 Campinas - SP.",(19) 32820319,Filantrópica,Entre 201 e 500 matrículas de escolarização,Educação Infantil,-22.8693391055382,-47.1480398909463
UNIDADE DE EDUCACAO INFANTIL ADELIA ZORNIG,35805026,SP,Campinas,Urbana,"SEBASTIAO AUGUSTO DE CASTRO DOUTOR, 34 RUA. PARQUE VALENCA II. 13058-582 Campinas - SP.",(19) 32218172,Comunitária,Entre 201 e 500 matrículas de escolarização,Educação Infantil,-22.9386033333333,-47.193
FLORESTA ENCANTADA PARQUE INFANTIL,35806237,SP,Campinas,Urbana,"DAS CAMELIAS, 119 157 E 175. CHACARA PRIMAVERA. 13087-488 Campinas - SP.",(19) 32960732,Particular,Entre 51 e 200 matrículas de escolarização,Educação Infantil,-22.86275,-47.04967
RECANTO DA ALEGRIA BERCARIO E PRE ESCOLA,35806250,SP,Campinas,Urbana,"ANGELO VICENTIM, 182 RUA. BARAO GERALDO. 13084-060 Campinas - SP.",(19) 32890391,Particular,Entre 51 e 200 matrículas de escolarização,Educação Infantil,-22.8261647,-47.08341734
PEDRO E RAFAEL COLEGIO,35807990,SP,Campinas,Urbana,"CARLOS DE ARAUJO GOBBI, 529 AVENIDA. VILA SAO BENTO. 13034-670 Campinas - SP.",(19) 32136029,Particular,Entre 501 e 1000 matrículas de escolarização,"Educação Infantil, Ensino Fundamental, Ensino Médio",-22.9110192,-47.0945023
SHALOM COLEGIO,35808155,SP,Campinas,Urbana,"RUA ANTONIO CARLOS NEVES, 149 RUA. CHACARAS CAMPOS ELISEOS. 13050-173 Campinas - SP.",(19) 32694400,Particular,Entre 201 e 500 matrículas de escolarização,"Educação Infantil, Ensino Fundamental",-22.94996615,-47.09669884
CIE CENTRO INTEGRADO DE EDUCACAO COLEGIO MULTIPLO,35808167,SP,Campinas,Urbana,"MARGARIDAS, 900 RUA. CHACARA PRIMAVERA. 13087-450 Campinas - SP.",(19) 37878490,Particular,Entre 201 e 500 matrículas de escolarização,"Educação Infantil, Ensino Fundamental, Ensino Médio",-22.8557545,-47.0503494
WALDORF VEREDAS ESCOLA ASSOCIATIVA,35808702,SP,Campinas,Rural,"ESTRADA M ADELINA SEGANTINE C LEITE, SN KM 2 6. CHACARA S RAFAEL. 13098-035 Campinas - SP.",,Particular,Entre 201 e 500 matrículas de escolarização,"Educação Infantil, Ensino Fundamental, Ensino Médio",-22.8321803,-47.0098002
RAPHAEL DI SANTO INSTITUTO EDUCACIONAL,35812900,SP,Campinas,Urbana,"ANTONIO FERREIRA LARANJA, 57 RUA. JARDIM GARCIA. 13061-090 Campinas - SP.",(19) 37287700,Particular,Entre 51 e 200 matrículas de escolarização,Ensino Médio,-22.91439417,-47.10184906
ESTRELINHA DO ORIENTE CRECHE,35813898,SP,Campinas,Urbana,"AVENIDA PASTOR PRATA VIEIRA, 31 RUA. VISTA ALEGRE. 13056-510 Campinas - SP.",(19) 32268000,Comunitária,Entre 201 e 500 matrículas de escolarização,Educação Infantil,-22.99048,-47.11817
ASSOCIACAO PRESBITERIANA DE ACAO SOCIAL,35813904,SP,Campinas,Urbana,"RUA PAULA CREPALDI VALERIO, 60 RUA. VILA BOURBON SOUSAS. 13105-556 Campinas - SP.",(19) 32585317,Comunitária,Entre 51 e 200 matrículas de escolarização,Educação Infantil,-22.8806443662269,-46.9719488557791
